<?xml version="1.0" encoding="UTF-8"?>
<project-private xmlns="http://www.netbeans.org/ns/project-private/1">
    <editor-bookmarks xmlns="http://www.netbeans.org/ns/editor-bookmarks/2" lastBookmarkId="0"/>
    <open-files xmlns="http://www.netbeans.org/ns/projectui-open-files/2">
        <group>
            <file>file:/D:/2b.%20Programs/2.%20Shahab%20Algorithm/Program2/src/program2/Library.java</file>
            <file>file:/D:/2b.%20Programs/2.%20Shahab%20Algorithm/Program2/src/program2/Program2.java</file>
        </group>
    </open-files>
</project-private>
